{
	"class_name" : "PinholeCameraParameters",
	"extrinsic" : 
	[
		0.56820284136797383,
		-0.51440430175187557,
		0.64228789915467555,
		0.0,
		-0.78308325728445172,
		-0.57783426844722685,
		0.22997428197264025,
		0.0,
		0.2528361984015231,
		-0.63363694064284459,
		-0.73114846934849154,
		0.0,
		-0.340002570657849,
		0.73815670119953247,
		1.5280812331782045,
		1.0
	],
	"intrinsic" : 
	{
		"height" : 2086,
		"intrinsic_matrix" : 
		[
			1806.5289922943391,
			0.0,
			0.0,
			0.0,
			1806.5289922943391,
			0.0,
			1919.5,
			1042.5,
			1.0
		],
		"width" : 3840
	},
	"version_major" : 1,
	"version_minor" : 0
}